-- HUMAN FACTOR TYPES
-- SKILL CLUSTER (0)
INSERT INTO human_factor_type (id, title, description, only_once, cluster) VALUES (101, 'Technical and methodological skills', '', false, 0);
INSERT INTO human_factor_type (id, title, description, only_once, cluster) VALUES (102, 'Knowledge transfer', '', false, 0);
INSERT INTO human_factor_type (id, title, description, only_once, cluster) VALUES (103, 'Education and learning', '', false, 0);
INSERT INTO human_factor_type (id, title, description, only_once, cluster) VALUES (104, 'Team work', '', false, 0);
INSERT INTO human_factor_type (id, title, description, only_once, cluster) VALUES (105, 'Responsibility and decision skills', '', false, 0);
INSERT INTO human_factor_type (id, title, description, only_once, cluster) VALUES (107, 'Computer self-efficacy', '', false, 0);
-- PERCEPTION CLUSTER (1)
INSERT INTO human_factor_type (id, title, description, only_once, cluster) VALUES (201, 'Voluntariness', '', false, 1);
INSERT INTO human_factor_type (id, title, description, only_once, cluster) VALUES (202, 'Trust belief', '', false, 1);
INSERT INTO human_factor_type (id, title, description, only_once, cluster) VALUES (203, 'Social influence', '', false, 1);
INSERT INTO human_factor_type (id, title, description, only_once, cluster) VALUES (204, 'Self-efficacy', '', false, 1);
INSERT INTO human_factor_type (id, title, description, only_once, cluster) VALUES (205, 'Satisfaction', '', false, 1);
INSERT INTO human_factor_type (id, title, description, only_once, cluster) VALUES (206, 'Performance expectancy', '', false, 1);
INSERT INTO human_factor_type (id, title, description, only_once, cluster) VALUES (207, 'Compatibility', '', false, 1);
INSERT INTO human_factor_type (id, title, description, only_once, cluster) VALUES (208, 'Perceived enjoyment', '', false, 1);
INSERT INTO human_factor_type (id, title, description, only_once, cluster) VALUES (209, 'Optimism bias', '', false, 1);
INSERT INTO human_factor_type (id, title, description, only_once, cluster) VALUES (210, 'Negative experiences', '', false, 1);
INSERT INTO human_factor_type (id, title, description, only_once, cluster) VALUES (211, 'Humane orientation', '', false, 1);
INSERT INTO human_factor_type (id, title, description, only_once, cluster) VALUES (212, 'Effort expectancy', '', false, 1);
-- PERSONALITY CLUSTER (2)
INSERT INTO human_factor_type (id, title, description, only_once, cluster) VALUES (301, 'Team spirit', '', false, 2);
INSERT INTO human_factor_type (id, title, description, only_once, cluster) VALUES (302, 'Need for cognition', '', false, 2);
INSERT INTO human_factor_type (id, title, description, only_once, cluster) VALUES (303, 'Engagement', '', false, 2);
INSERT INTO human_factor_type (id, title, description, only_once, cluster) VALUES (304, 'Creativity and innovation', '', false, 2);
INSERT INTO human_factor_type (id, title, description, only_once, cluster) VALUES (305, 'Focus', '', false, 2);
INSERT INTO human_factor_type (id, title, description, only_once, cluster) VALUES (306, 'Boredom', '', false, 2);
INSERT INTO human_factor_type (id, title, description, only_once, cluster) VALUES (307, 'Learning and forgetting', '', false, 2);
INSERT INTO human_factor_type (id, title, description, only_once, cluster) VALUES (308, 'Emotionality', '', true, 2);
INSERT INTO human_factor_type (id, title, description, only_once, cluster) VALUES (309, 'Motivation for change', '', false, 2);
INSERT INTO human_factor_type (id, title, description, only_once, cluster) VALUES (310, 'Indifferent to change', '', false, 2);
INSERT INTO human_factor_type (id, title, description, only_once, cluster) VALUES (311, 'Extraversion', '', true, 2);
INSERT INTO human_factor_type (id, title, description, only_once, cluster) VALUES (312, 'Conscientiousness', '', true, 2);
INSERT INTO human_factor_type (id, title, description, only_once, cluster) VALUES (313, 'Agreeableness', '', true, 2);
INSERT INTO human_factor_type (id, title, description, only_once, cluster) VALUES (314, 'Openness to experience', '', true, 2);
INSERT INTO human_factor_type (id, title, description, only_once, cluster) VALUES (315, 'Honesty-Humility', '', true, 2);
-- PERCEPTION AND PERSONALITY CLUSTER (3)
INSERT INTO human_factor_type (id, title, description, only_once, cluster) VALUES (401, 'Trust', '', false, 3);
INSERT INTO human_factor_type (id, title, description, only_once, cluster) VALUES (402, 'Resistance to change', '', false, 3);
INSERT INTO human_factor_type (id, title, description, only_once, cluster) VALUES (403, 'Perceived risk', '', false, 3);
-- SUPPORT CLUSTER (4)
INSERT INTO human_factor_type (id, title, description, only_once, cluster) VALUES (501, 'Supporters', '', false, 4);
INSERT INTO human_factor_type (id, title, description, only_once, cluster) VALUES (502, 'Support of supervisors', '', false, 4);
INSERT INTO human_factor_type (id, title, description, only_once, cluster) VALUES (503, 'Respect from supervisors', '', false, 4);
INSERT INTO human_factor_type (id, title, description, only_once, cluster) VALUES (504, 'Recognition and rewards', '', false, 4);
INSERT INTO human_factor_type (id, title, description, only_once, cluster) VALUES (505, 'Resistance to lead', '', false, 4);
INSERT INTO human_factor_type (id, title, description, only_once, cluster) VALUES (506, 'Leadership', '', false, 4);
-- MANAGEMENT CLUSTER (5)
INSERT INTO human_factor_type (id, title, description, only_once, cluster) VALUES (601, 'Product team', '', false, 5);
INSERT INTO human_factor_type (id, title, description, only_once, cluster) VALUES (602, 'Team autonomy', '', false, 5);
INSERT INTO human_factor_type (id, title, description, only_once, cluster) VALUES (603, 'Horizontal DevOps team', '', false, 5);
INSERT INTO human_factor_type (id, title, description, only_once, cluster) VALUES (604, 'Product ownership sharing', '', false, 5);
INSERT INTO human_factor_type (id, title, description, only_once, cluster) VALUES (605, 'Recruitment', '', false, 5);
INSERT INTO human_factor_type (id, title, description, only_once, cluster) VALUES (606, 'Multitask workers', '', false, 5);
INSERT INTO human_factor_type (id, title, description, only_once, cluster) VALUES (607, 'Imposition', '', false, 5);
INSERT INTO human_factor_type (id, title, description, only_once, cluster) VALUES (608, 'Financial resources', '', false, 5);
INSERT INTO human_factor_type (id, title, description, only_once, cluster) VALUES (609, 'Experienced and specialized members', '', false, 5);
INSERT INTO human_factor_type (id, title, description, only_once, cluster) VALUES (610, 'Exhaustion from high autonomy and responsibility', '', false, 5);
INSERT INTO human_factor_type (id, title, description, only_once, cluster) VALUES (611, 'Continuous improvement culture', '', false, 5);
INSERT INTO human_factor_type (id, title, description, only_once, cluster) VALUES (612, 'Communication', '', false, 5);
INSERT INTO human_factor_type (id, title, description, only_once, cluster) VALUES (613, 'Collaboration', '', false, 5);
INSERT INTO human_factor_type (id, title, description, only_once, cluster) VALUES (614, 'Organizational and cultural silos', '', false, 5);
INSERT INTO human_factor_type (id, title, description, only_once, cluster) VALUES (615, 'Autonomous workers', '', false, 5);
-- INFORMATION CLUSTER (6)
INSERT INTO human_factor_type (id, title, description, only_once, cluster) VALUES (701, 'The clarity of the goal', '', false, 6);
INSERT INTO human_factor_type (id, title, description, only_once, cluster) VALUES (702, 'Role understanding', '', false, 6);
INSERT INTO human_factor_type (id, title, description, only_once, cluster) VALUES (703, 'Lack of evidence of benefits', '', false, 6);
-- CUSTOMER CLUSTER (7)
INSERT INTO human_factor_type (id, title, description, only_once, cluster) VALUES (801, 'Time/comercial pressures', '', false, 7);
INSERT INTO human_factor_type (id, title, description, only_once, cluster) VALUES (802, 'Customer risk factors', '', false, 7);
INSERT INTO human_factor_type (id, title, description, only_once, cluster) VALUES (803, 'Customer involvement', '', false, 7);
-- HUMAN FACTOR DEPENDENCIES (target, source)
-- SKILL CLUSTER
INSERT INTO human_factor_type_affects_to (human_factor_type_id, affects_to_id) VALUES (102, 101);
INSERT INTO human_factor_type_affects_to (human_factor_type_id, affects_to_id) VALUES (103, 101);
INSERT INTO human_factor_type_affects_to (human_factor_type_id, affects_to_id) VALUES (306, 103);
INSERT INTO human_factor_type_affects_to (human_factor_type_id, affects_to_id) VALUES (307, 103);
INSERT INTO human_factor_type_affects_to (human_factor_type_id, affects_to_id) VALUES (613, 104);
INSERT INTO human_factor_type_affects_to (human_factor_type_id, affects_to_id) VALUES (204, 107);
-- PERCEPTION CLUSTER
INSERT INTO human_factor_type_affects_to (human_factor_type_id, affects_to_id) VALUES (607, 201);
INSERT INTO human_factor_type_affects_to (human_factor_type_id, affects_to_id) VALUES (401, 202);
INSERT INTO human_factor_type_affects_to (human_factor_type_id, affects_to_id) VALUES (107, 204);
INSERT INTO human_factor_type_affects_to (human_factor_type_id, affects_to_id) VALUES (504, 205);
INSERT INTO human_factor_type_affects_to (human_factor_type_id, affects_to_id) VALUES (502, 205);
INSERT INTO human_factor_type_affects_to (human_factor_type_id, affects_to_id) VALUES (503, 205);
INSERT INTO human_factor_type_affects_to (human_factor_type_id, affects_to_id) VALUES (801, 205);
INSERT INTO human_factor_type_affects_to (human_factor_type_id, affects_to_id) VALUES (703, 206);
INSERT INTO human_factor_type_affects_to (human_factor_type_id, affects_to_id) VALUES (207, 206);
INSERT INTO human_factor_type_affects_to (human_factor_type_id, affects_to_id) VALUES (202, 206);
INSERT INTO human_factor_type_affects_to (human_factor_type_id, affects_to_id) VALUES (801, 208);
INSERT INTO human_factor_type_affects_to (human_factor_type_id, affects_to_id) VALUES (212, 208);
INSERT INTO human_factor_type_affects_to (human_factor_type_id, affects_to_id) VALUES (308, 210);
INSERT INTO human_factor_type_affects_to (human_factor_type_id, affects_to_id) VALUES (313, 210);
INSERT INTO human_factor_type_affects_to (human_factor_type_id, affects_to_id) VALUES (503, 210);
INSERT INTO human_factor_type_affects_to (human_factor_type_id, affects_to_id) VALUES (504, 211);
INSERT INTO human_factor_type_affects_to (human_factor_type_id, affects_to_id) VALUES (107, 212);
-- PERSONALITY CLUSTER
INSERT INTO human_factor_type_affects_to (human_factor_type_id, affects_to_id) VALUES (104, 301);
INSERT INTO human_factor_type_affects_to (human_factor_type_id, affects_to_id) VALUES (302, 301);
INSERT INTO human_factor_type_affects_to (human_factor_type_id, affects_to_id) VALUES (613, 301);
INSERT INTO human_factor_type_affects_to (human_factor_type_id, affects_to_id) VALUES (303, 301);
INSERT INTO human_factor_type_affects_to (human_factor_type_id, affects_to_id) VALUES (203, 303);
INSERT INTO human_factor_type_affects_to (human_factor_type_id, affects_to_id) VALUES (703, 303);
INSERT INTO human_factor_type_affects_to (human_factor_type_id, affects_to_id) VALUES (304, 303);
INSERT INTO human_factor_type_affects_to (human_factor_type_id, affects_to_id) VALUES (701, 305);
INSERT INTO human_factor_type_affects_to (human_factor_type_id, affects_to_id) VALUES (305, 306);
INSERT INTO human_factor_type_affects_to (human_factor_type_id, affects_to_id) VALUES (303, 306);
INSERT INTO human_factor_type_affects_to (human_factor_type_id, affects_to_id) VALUES (402, 309);
INSERT INTO human_factor_type_affects_to (human_factor_type_id, affects_to_id) VALUES (314, 309);
INSERT INTO human_factor_type_affects_to (human_factor_type_id, affects_to_id) VALUES (703, 310);
INSERT INTO human_factor_type_affects_to (human_factor_type_id, affects_to_id) VALUES (303, 310);
INSERT INTO human_factor_type_affects_to (human_factor_type_id, affects_to_id) VALUES (305, 310);
INSERT INTO human_factor_type_affects_to (human_factor_type_id, affects_to_id) VALUES (612, 311);
INSERT INTO human_factor_type_affects_to (human_factor_type_id, affects_to_id) VALUES (301, 311);
INSERT INTO human_factor_type_affects_to (human_factor_type_id, affects_to_id) VALUES (303, 304);
INSERT INTO human_factor_type_affects_to (human_factor_type_id, affects_to_id) VALUES (104, 304);
INSERT INTO human_factor_type_affects_to (human_factor_type_id, affects_to_id) VALUES (613, 304);
INSERT INTO human_factor_type_affects_to (human_factor_type_id, affects_to_id) VALUES (308, 302);
INSERT INTO human_factor_type_affects_to (human_factor_type_id, affects_to_id) VALUES (312, 302);
INSERT INTO human_factor_type_affects_to (human_factor_type_id, affects_to_id) VALUES (314, 302);
INSERT INTO human_factor_type_affects_to (human_factor_type_id, affects_to_id) VALUES (315, 302);
INSERT INTO human_factor_type_affects_to (human_factor_type_id, affects_to_id) VALUES (304, 314);
-- PERCEPTION AND PERSONALITY CLUSTER
INSERT INTO human_factor_type_affects_to (human_factor_type_id, affects_to_id) VALUES (101, 401);
INSERT INTO human_factor_type_affects_to (human_factor_type_id, affects_to_id) VALUES (312, 401);
INSERT INTO human_factor_type_affects_to (human_factor_type_id, affects_to_id) VALUES (107, 401);
INSERT INTO human_factor_type_affects_to (human_factor_type_id, affects_to_id) VALUES (301, 401);
INSERT INTO human_factor_type_affects_to (human_factor_type_id, affects_to_id) VALUES (615, 401);
INSERT INTO human_factor_type_affects_to (human_factor_type_id, affects_to_id) VALUES (612, 401);
INSERT INTO human_factor_type_affects_to (human_factor_type_id, affects_to_id) VALUES (613, 401);
INSERT INTO human_factor_type_affects_to (human_factor_type_id, affects_to_id) VALUES (702, 401);
INSERT INTO human_factor_type_affects_to (human_factor_type_id, affects_to_id) VALUES (312, 402);
INSERT INTO human_factor_type_affects_to (human_factor_type_id, affects_to_id) VALUES (607, 402);
INSERT INTO human_factor_type_affects_to (human_factor_type_id, affects_to_id) VALUES (801, 402);
INSERT INTO human_factor_type_affects_to (human_factor_type_id, affects_to_id) VALUES (604, 402);
INSERT INTO human_factor_type_affects_to (human_factor_type_id, affects_to_id) VALUES (502, 402);
INSERT INTO human_factor_type_affects_to (human_factor_type_id, affects_to_id) VALUES (614, 402);
INSERT INTO human_factor_type_affects_to (human_factor_type_id, affects_to_id) VALUES (608, 402);
INSERT INTO human_factor_type_affects_to (human_factor_type_id, affects_to_id) VALUES (506, 402);
INSERT INTO human_factor_type_affects_to (human_factor_type_id, affects_to_id) VALUES (209, 403);
INSERT INTO human_factor_type_affects_to (human_factor_type_id, affects_to_id) VALUES (202, 403);
-- SUPPORT CLUSTER
INSERT INTO human_factor_type_affects_to (human_factor_type_id, affects_to_id) VALUES (502, 501);
INSERT INTO human_factor_type_affects_to (human_factor_type_id, affects_to_id) VALUES (701, 503);
INSERT INTO human_factor_type_affects_to (human_factor_type_id, affects_to_id) VALUES (401, 503);
INSERT INTO human_factor_type_affects_to (human_factor_type_id, affects_to_id) VALUES (702, 505);
INSERT INTO human_factor_type_affects_to (human_factor_type_id, affects_to_id) VALUES (103, 506);
INSERT INTO human_factor_type_affects_to (human_factor_type_id, affects_to_id) VALUES (702, 506);
-- MANAGEMENT CLUSTER
INSERT INTO human_factor_type_affects_to (human_factor_type_id, affects_to_id) VALUES (602, 601);
INSERT INTO human_factor_type_affects_to (human_factor_type_id, affects_to_id) VALUES (603, 601);
INSERT INTO human_factor_type_affects_to (human_factor_type_id, affects_to_id) VALUES (604, 601);
INSERT INTO human_factor_type_affects_to (human_factor_type_id, affects_to_id) VALUES (613, 601);
INSERT INTO human_factor_type_affects_to (human_factor_type_id, affects_to_id) VALUES (615, 601);
INSERT INTO human_factor_type_affects_to (human_factor_type_id, affects_to_id) VALUES (609, 601);
INSERT INTO human_factor_type_affects_to (human_factor_type_id, affects_to_id) VALUES (615, 606);
INSERT INTO human_factor_type_affects_to (human_factor_type_id, affects_to_id) VALUES (103, 606);
INSERT INTO human_factor_type_affects_to (human_factor_type_id, affects_to_id) VALUES (611, 607);
INSERT INTO human_factor_type_affects_to (human_factor_type_id, affects_to_id) VALUES (206, 607);
INSERT INTO human_factor_type_affects_to (human_factor_type_id, affects_to_id) VALUES (201, 607);
INSERT INTO human_factor_type_affects_to (human_factor_type_id, affects_to_id) VALUES (302, 613);
INSERT INTO human_factor_type_affects_to (human_factor_type_id, affects_to_id) VALUES (614, 613);
INSERT INTO human_factor_type_affects_to (human_factor_type_id, affects_to_id) VALUES (615, 613);
-- INFORMATION CLUSTER
INSERT INTO human_factor_type_affects_to (human_factor_type_id, affects_to_id) VALUES (612, 701);
-- CUSTOMER CLUSTER
INSERT INTO human_factor_type_affects_to (human_factor_type_id, affects_to_id) VALUES (803, 802);
-- QUESTION TYPES (Type of answer: 0 = Value range, 1 = Frequency range, 2 = Binary)
-- SKILL CLUSTER
INSERT INTO question_type (id, only_for_management, is_negative, question_text, type_of_answer) VALUES (101, false, false, 'Do you think you have the proper knowledge for the tasks you are responsible for?', 0);
INSERT INTO question_type (id, only_for_management, is_negative, question_text, type_of_answer) VALUES (102, false, false, 'Is your team actively collaborating in your tasks?', 1);
INSERT INTO question_type (id, only_for_management, is_negative, question_text, type_of_answer) VALUES (103, false, false, 'Are you actively collaborating in your team''s tasks?', 1);
INSERT INTO question_type (id, only_for_management, is_negative, question_text, type_of_answer) VALUES (104, false, false, 'Do you think you have the required responsibility-bearing and decision making skills for your assignments?', 0);
INSERT INTO question_type (id, only_for_management, is_negative, question_text, type_of_answer) VALUES (105, true, true, 'Is part of the team struggling with the responsibility and decisions that are part of their tasks?', 0);
INSERT INTO question_type (id, only_for_management, is_negative, question_text, type_of_answer) VALUES (106, false, true, 'Have you been assigned to a task that was previously done by a person that left the team without transferring the knowledge or documentation about that task?', 2);
INSERT INTO question_type (id, only_for_management, is_negative, question_text, type_of_answer) VALUES (107, true, true, 'Is the team lacking required knowledge about their tasks that former team members had?', 1);
INSERT INTO question_type (id, only_for_management, is_negative, question_text, type_of_answer) VALUES (108, false, false, 'Do you often receive useful new knowledge from your co-workers?', 1);
INSERT INTO question_type (id, only_for_management, is_negative, question_text, type_of_answer) VALUES (109, false, false, 'Do you think you are efficient using computers?', 0);
INSERT INTO human_factor_type_question_types (human_factor_type_id, question_types_id) VALUES (101, 101);
INSERT INTO human_factor_type_question_types (human_factor_type_id, question_types_id) VALUES (104, 102);
INSERT INTO human_factor_type_question_types (human_factor_type_id, question_types_id) VALUES (104, 103);
INSERT INTO human_factor_type_question_types (human_factor_type_id, question_types_id) VALUES (105, 104);
INSERT INTO human_factor_type_question_types (human_factor_type_id, question_types_id) VALUES (105, 105);
INSERT INTO human_factor_type_question_types (human_factor_type_id, question_types_id) VALUES (102, 106);
INSERT INTO human_factor_type_question_types (human_factor_type_id, question_types_id) VALUES (102, 107);
INSERT INTO human_factor_type_question_types (human_factor_type_id, question_types_id) VALUES (102, 108);
INSERT INTO human_factor_type_question_types (human_factor_type_id, question_types_id) VALUES (107, 109);
-- PERCEPTION CLUSTER
INSERT INTO question_type (id, only_for_management, is_negative, question_text, type_of_answer) VALUES (201, false, false, 'Could you accept or reject the methodology used by your team when it was introduced?', 0);
INSERT INTO question_type (id, only_for_management, is_negative, question_text, type_of_answer) VALUES (202, false, false, 'Do you believe that the person that introduced the current methodology in your team is competent, benevolent, and has integrity?', 0);
INSERT INTO question_type (id, only_for_management, is_negative, question_text, type_of_answer) VALUES (203, false, false, 'Do your colleagues and companions (generally) think that the current methodology is relevant and useful?', 0);
INSERT INTO question_type (id, only_for_management, is_negative, question_text, type_of_answer) VALUES (204, false, false, 'Do you believe you are fully able to adopt your team''s current methodology and culture?', 0);
INSERT INTO question_type (id, only_for_management, is_negative, question_text, type_of_answer) VALUES (205, false, false, 'Do you feel happy about your job?', 0);
INSERT INTO question_type (id, only_for_management, is_negative, question_text, type_of_answer) VALUES (206, false, false, 'Do you think that the current methodology improves the previous one in use?', 0);
INSERT INTO question_type (id, only_for_management, is_negative, question_text, type_of_answer) VALUES (207, false, false, 'Do you think that the current methodology is compatible with the current needs and values?', 0);
INSERT INTO question_type (id, only_for_management, is_negative, question_text, type_of_answer) VALUES (208, false, false, 'Do you enjoy using the current methodology?', 0);
INSERT INTO question_type (id, only_for_management, is_negative, question_text, type_of_answer) VALUES (209, false, false, 'Do you think that you are more capable of adopting the current methodology than the average software engineer?', 0);
INSERT INTO question_type (id, only_for_management, is_negative, question_text, type_of_answer) VALUES (210, false, true, 'Have you ever felt frustrated, infuriated, distrusted or uncertain during the adoption of the current methodology?', 1);
INSERT INTO question_type (id, only_for_management, is_negative, question_text, type_of_answer) VALUES (211, false, false, 'Have you been perceived as a valuable resource for the team?', 1);
INSERT INTO question_type (id, only_for_management, is_negative, question_text, type_of_answer) VALUES (212, true, false, 'Is being fair, altruistic, friendly, generous, caring, and kind to others encouraged and rewarded?', 1);
INSERT INTO question_type (id, only_for_management, is_negative, question_text, type_of_answer) VALUES (213, false, true, 'Do you believe that the effort required to apply the current methodology is too much?', 0);
INSERT INTO human_factor_type_question_types (human_factor_type_id, question_types_id) VALUES (201, 201);
INSERT INTO human_factor_type_question_types (human_factor_type_id, question_types_id) VALUES (202, 202);
INSERT INTO human_factor_type_question_types (human_factor_type_id, question_types_id) VALUES (203, 203);
INSERT INTO human_factor_type_question_types (human_factor_type_id, question_types_id) VALUES (204, 204);
INSERT INTO human_factor_type_question_types (human_factor_type_id, question_types_id) VALUES (205, 205);
INSERT INTO human_factor_type_question_types (human_factor_type_id, question_types_id) VALUES (206, 206);
INSERT INTO human_factor_type_question_types (human_factor_type_id, question_types_id) VALUES (207, 207);
INSERT INTO human_factor_type_question_types (human_factor_type_id, question_types_id) VALUES (208, 208);
INSERT INTO human_factor_type_question_types (human_factor_type_id, question_types_id) VALUES (209, 209);
INSERT INTO human_factor_type_question_types (human_factor_type_id, question_types_id) VALUES (210, 210);
INSERT INTO human_factor_type_question_types (human_factor_type_id, question_types_id) VALUES (211, 211);
INSERT INTO human_factor_type_question_types (human_factor_type_id, question_types_id) VALUES (211, 212);
INSERT INTO human_factor_type_question_types (human_factor_type_id, question_types_id) VALUES (212, 213);
-- PERSONALITY CLUSTER
INSERT INTO question_type (id, only_for_management, is_negative, question_text, type_of_answer) VALUES (301, false, false, 'Do you feel close to the rest of your team?', 0);
INSERT INTO question_type (id, only_for_management, is_negative, question_text, type_of_answer) VALUES (302, false, false, 'Do you feel committed to your job?', 0);
INSERT INTO question_type (id, only_for_management, is_negative, question_text, type_of_answer) VALUES (303, false, false, 'Is your work environment helping you to stay focused?', 0);
INSERT INTO question_type (id, only_for_management, is_negative, question_text, type_of_answer) VALUES (304, false, true, 'Do you often feel bored at work?', 1);
INSERT INTO question_type (id, only_for_management, is_negative, question_text, type_of_answer) VALUES (305, true, false, 'Is employee''s boredom avoided at a organizational level?', 0);
INSERT INTO question_type (id, only_for_management, is_negative, question_text, type_of_answer) VALUES (306, false, false, 'Do you see yourself as someone who is relaxed, handles stress well?', 0);
INSERT INTO question_type (id, only_for_management, is_negative, question_text, type_of_answer) VALUES (307, false, true, 'Do you see yourself as someone who gets nervous easily?', 0);
INSERT INTO question_type (id, only_for_management, is_negative, question_text, type_of_answer) VALUES (308, false, false, 'Are you willing to change the way you work?', 0);
INSERT INTO question_type (id, only_for_management, is_negative, question_text, type_of_answer) VALUES (309, false, true, 'Do you feel indifferent to change the way you work?', 0);
INSERT INTO question_type (id, only_for_management, is_negative, question_text, type_of_answer) VALUES (310, false, true, 'Do you see yourself as someone who is reserved?', 0);
INSERT INTO question_type (id, only_for_management, is_negative, question_text, type_of_answer) VALUES (311, false, false, 'Do you see yourself as someone who is outgoing, sociable?', 0);
INSERT INTO question_type (id, only_for_management, is_negative, question_text, type_of_answer) VALUES (312, false, false, 'Do you enjoy performing tasks that require being creative or innovative?', 1);
INSERT INTO question_type (id, only_for_management, is_negative, question_text, type_of_answer) VALUES (313, true, false, 'Is the team allowed to be creative regarding the solution of their assigned tasks?', 1);
INSERT INTO question_type (id, only_for_management, is_negative, question_text, type_of_answer) VALUES (314, false, true, 'Do you see yourself as someone who tends to be lazy?', 0);
INSERT INTO question_type (id, only_for_management, is_negative, question_text, type_of_answer) VALUES (315, false, false, 'Do you see yourself as someone who does a thorough job?', 0);
INSERT INTO question_type (id, only_for_management, is_negative, question_text, type_of_answer) VALUES (316, false, false, 'Do you see yourself as someone who is generally trusting?', 0);
INSERT INTO question_type (id, only_for_management, is_negative, question_text, type_of_answer) VALUES (317, false, true, 'Do you see yourself as someone who tends to find fault with others?', 0);
INSERT INTO question_type (id, only_for_management, is_negative, question_text, type_of_answer) VALUES (318, false, false, 'Do you look for and enjoy effortful thinking?', 0);
INSERT INTO question_type (id, only_for_management, is_negative, question_text, type_of_answer) VALUES (319, false, true, 'Do you see yourself as someone who has few artistic interests?', 0);
INSERT INTO question_type (id, only_for_management, is_negative, question_text, type_of_answer) VALUES (320, false, false, 'Do you see yourself as someone who has an active imagination?', 0);
INSERT INTO question_type (id, only_for_management, is_negative, question_text, type_of_answer) VALUES (321, false, false, 'Do you find difficult to lie?', 0);
INSERT INTO question_type (id, only_for_management, is_negative, question_text, type_of_answer) VALUES (322, false, true, 'Would you like to know how to make lots of money in a dishonest manner?', 0);
INSERT INTO question_type (id, only_for_management, is_negative, question_text, type_of_answer) VALUES (323, false, true, 'Do you want to be famous?', 0);
INSERT INTO question_type (id, only_for_management, is_negative, question_text, type_of_answer) VALUES (324, false, true, 'Are you entitled to special treatment?', 0);
INSERT INTO human_factor_type_question_types (human_factor_type_id, question_types_id) VALUES (301, 301);
INSERT INTO human_factor_type_question_types (human_factor_type_id, question_types_id) VALUES (303, 302);
INSERT INTO human_factor_type_question_types (human_factor_type_id, question_types_id) VALUES (305, 303);
INSERT INTO human_factor_type_question_types (human_factor_type_id, question_types_id) VALUES (306, 304);
INSERT INTO human_factor_type_question_types (human_factor_type_id, question_types_id) VALUES (306, 305);
INSERT INTO human_factor_type_question_types (human_factor_type_id, question_types_id) VALUES (308, 306);
INSERT INTO human_factor_type_question_types (human_factor_type_id, question_types_id) VALUES (308, 307);
INSERT INTO human_factor_type_question_types (human_factor_type_id, question_types_id) VALUES (309, 308);
INSERT INTO human_factor_type_question_types (human_factor_type_id, question_types_id) VALUES (310, 309);
INSERT INTO human_factor_type_question_types (human_factor_type_id, question_types_id) VALUES (311, 310);
INSERT INTO human_factor_type_question_types (human_factor_type_id, question_types_id) VALUES (311, 311);
INSERT INTO human_factor_type_question_types (human_factor_type_id, question_types_id) VALUES (304, 312);
INSERT INTO human_factor_type_question_types (human_factor_type_id, question_types_id) VALUES (304, 313);
INSERT INTO human_factor_type_question_types (human_factor_type_id, question_types_id) VALUES (312, 314);
INSERT INTO human_factor_type_question_types (human_factor_type_id, question_types_id) VALUES (312, 315);
INSERT INTO human_factor_type_question_types (human_factor_type_id, question_types_id) VALUES (313, 316);
INSERT INTO human_factor_type_question_types (human_factor_type_id, question_types_id) VALUES (313, 317);
INSERT INTO human_factor_type_question_types (human_factor_type_id, question_types_id) VALUES (302, 318);
INSERT INTO human_factor_type_question_types (human_factor_type_id, question_types_id) VALUES (314, 319);
INSERT INTO human_factor_type_question_types (human_factor_type_id, question_types_id) VALUES (314, 320);
INSERT INTO human_factor_type_question_types (human_factor_type_id, question_types_id) VALUES (315, 321);
INSERT INTO human_factor_type_question_types (human_factor_type_id, question_types_id) VALUES (315, 322);
INSERT INTO human_factor_type_question_types (human_factor_type_id, question_types_id) VALUES (315, 323);
INSERT INTO human_factor_type_question_types (human_factor_type_id, question_types_id) VALUES (315, 324);
-- PERCEPTION AND PERSONALITY CLUSTER
INSERT INTO question_type (id, only_for_management, is_negative, question_text, type_of_answer) VALUES (401, false, false, 'Do you trust everyone in your team?', 0);
INSERT INTO question_type (id, only_for_management, is_negative, question_text, type_of_answer) VALUES (402, false, true, 'Did you have a bad experience or feel insecure about switching to a new way of working?', 0);
INSERT INTO question_type (id, only_for_management, is_negative, question_text, type_of_answer) VALUES (403, false, true, 'Do you think that switching to a new way of working implies a serious risk for the team''s performance?', 0);
INSERT INTO human_factor_type_question_types (human_factor_type_id, question_types_id) VALUES (401, 401);
INSERT INTO human_factor_type_question_types (human_factor_type_id, question_types_id) VALUES (402, 402);
INSERT INTO human_factor_type_question_types (human_factor_type_id, question_types_id) VALUES (403, 403);
-- SUPPORT CLUSTER
INSERT INTO question_type (id, only_for_management, is_negative, question_text, type_of_answer) VALUES (501, false, false, 'Did you receive any substantial support during the change process to your current methodology?', 0);
INSERT INTO question_type (id, only_for_management, is_negative, question_text, type_of_answer) VALUES (502, true, false, 'During the change process to the current methodology, did the team count with support from experienced professionals?', 0);
INSERT INTO question_type (id, only_for_management, is_negative, question_text, type_of_answer) VALUES (503, false, false, 'Does your team''s supervisors actively support the transition to newer methodologies?', 0);
INSERT INTO question_type (id, only_for_management, is_negative, question_text, type_of_answer) VALUES (504, true, false, 'Are transitions to newer methodologies actively supported by the organization management?', 0);
INSERT INTO question_type (id, only_for_management, is_negative, question_text, type_of_answer) VALUES (505, false, false, 'Have you been always treated fairly, given clear goals, and trusted by your team''s supervisors?', 1);
INSERT INTO question_type (id, only_for_management, is_negative, question_text, type_of_answer) VALUES (506, false, false, 'Are you recognized for your work through official appraisal or any kind of non-economic rewards?', 0);
INSERT INTO question_type (id, only_for_management, is_negative, question_text, type_of_answer) VALUES (507, false, false, 'Is your work recognized economically through promotion opportunities and salary raises?', 0);
INSERT INTO question_type (id, only_for_management, is_negative, question_text, type_of_answer) VALUES (508, true, false, 'Are team members recognized and rewarded for their work?', 0);
INSERT INTO question_type (id, only_for_management, is_negative, question_text, type_of_answer) VALUES (509, false, false, 'Would you be comfortable in a leading role?', 0);
INSERT INTO question_type (id, only_for_management, is_negative, question_text, type_of_answer) VALUES (510, true, false, 'Are team members provided with the required resources and helped through their culture change?', 0);
INSERT INTO question_type (id, only_for_management, is_negative, question_text, type_of_answer) VALUES (511, true, false, 'Is continuous learning ensured for team members through their culture change?', 0);
INSERT INTO question_type (id, only_for_management, is_negative, question_text, type_of_answer) VALUES (512, true, false, 'Are team members informed of their responsibility of improving actual operations through their culture change?', 0);
INSERT INTO human_factor_type_question_types (human_factor_type_id, question_types_id) VALUES (501, 501);
INSERT INTO human_factor_type_question_types (human_factor_type_id, question_types_id) VALUES (501, 502);
INSERT INTO human_factor_type_question_types (human_factor_type_id, question_types_id) VALUES (502, 503);
INSERT INTO human_factor_type_question_types (human_factor_type_id, question_types_id) VALUES (502, 504);
INSERT INTO human_factor_type_question_types (human_factor_type_id, question_types_id) VALUES (503, 505);
INSERT INTO human_factor_type_question_types (human_factor_type_id, question_types_id) VALUES (504, 506);
INSERT INTO human_factor_type_question_types (human_factor_type_id, question_types_id) VALUES (504, 507);
INSERT INTO human_factor_type_question_types (human_factor_type_id, question_types_id) VALUES (504, 508);
INSERT INTO human_factor_type_question_types (human_factor_type_id, question_types_id) VALUES (505, 509);
INSERT INTO human_factor_type_question_types (human_factor_type_id, question_types_id) VALUES (506, 510);
INSERT INTO human_factor_type_question_types (human_factor_type_id, question_types_id) VALUES (506, 511);
INSERT INTO human_factor_type_question_types (human_factor_type_id, question_types_id) VALUES (506, 512);
-- MANAGEMENT CLUSTER
INSERT INTO question_type (id, only_for_management, is_negative, question_text, type_of_answer) VALUES (601, true, false, 'Does the team have less than 12 members?', 2);
INSERT INTO question_type (id, only_for_management, is_negative, question_text, type_of_answer) VALUES (602, true, false, 'Does the team has one and only one person in charge of management activities?', 2);
INSERT INTO question_type (id, only_for_management, is_negative, question_text, type_of_answer) VALUES (603, true, true, 'Does the team have external dependencies with other teams such as architecture, quality assurance, system administration, security, or fist-level operations?', 0);
INSERT INTO question_type (id, only_for_management, is_negative, question_text, type_of_answer) VALUES (604, true, false, 'Does the organization have a horizontal DevOps team, i.e., a team in charge of supporting other teams with platform service, or is including people with this knowledge in each team?', 0);
INSERT INTO question_type (id, only_for_management, is_negative, question_text, type_of_answer) VALUES (605, false, false, 'Do you feel that you own the product that you are developing? Do you feel responsible for anything that might happen to it?', 0);
INSERT INTO question_type (id, only_for_management, is_negative, question_text, type_of_answer) VALUES (606, false, false, 'Did you feel engaged in the team after the recruitment process?', 0);
INSERT INTO question_type (id, only_for_management, is_negative, question_text, type_of_answer) VALUES (607, true, false, 'Does the recruitment process result in the incorporation of engaged and adequate team members?', 0);
INSERT INTO question_type (id, only_for_management, is_negative, question_text, type_of_answer) VALUES (608, false, false, 'Do you perform multiple operations that usually belong to different job possitions?', 1);
INSERT INTO question_type (id, only_for_management, is_negative, question_text, type_of_answer) VALUES (609, true, false, 'Is the team entirely composed of workers that are able to accomplish individually almost the entire range of tasks that are required for the whole team?', 0);
INSERT INTO question_type (id, only_for_management, is_negative, question_text, type_of_answer) VALUES (610, false, true, 'Was the current development methodology followed by your team imposed to you?', 0);
INSERT INTO question_type (id, only_for_management, is_negative, question_text, type_of_answer) VALUES (611, true, true, 'Are any changes in the development methodology conducted as new rules that practitioners must follow?', 0);
INSERT INTO question_type (id, only_for_management, is_negative, question_text, type_of_answer) VALUES (612, false, false, 'Is the organization administration supporting DevOps adoption financially?', 0);
INSERT INTO question_type (id, only_for_management, is_negative, question_text, type_of_answer) VALUES (613, false, false, 'For every field of knowledge, is there always an experienced team member specialized in that field of knowledge, that can support you?', 0);
INSERT INTO question_type (id, only_for_management, is_negative, question_text, type_of_answer) VALUES (614, true, false, 'Does the team have at least one member experienced in a required specialization, for almost every specialization required?', 0);
INSERT INTO question_type (id, only_for_management, is_negative, question_text, type_of_answer) VALUES (615, false, true, 'Do you feel overwhelmed by the amount of responsibility and autonomy you have to deal with?', 1);
INSERT INTO question_type (id, only_for_management, is_negative, question_text, type_of_answer) VALUES (616, false, false, 'Do you have the freedom to seek out and apply new ways to improve things?', 0);
INSERT INTO question_type (id, only_for_management, is_negative, question_text, type_of_answer) VALUES (617, true, false, 'Are the team members encouraged to actively improve the organization culture?', 0);
INSERT INTO question_type (id, only_for_management, is_negative, question_text, type_of_answer) VALUES (618, false, false, 'Do you always have the required information for the tasks assigned to you?', 1);
INSERT INTO question_type (id, only_for_management, is_negative, question_text, type_of_answer) VALUES (619, false, false, 'Do you collaborate on a daily basis with the rest of your team?', 1);
INSERT INTO question_type (id, only_for_management, is_negative, question_text, type_of_answer) VALUES (620, true, false, 'Is collaboration encouraged and part of the daily tasks of the team?', 0);
INSERT INTO question_type (id, only_for_management, is_negative, question_text, type_of_answer) VALUES (621, true, true, 'Does your organization have an hierarchical or departmental structure that affect team structure?', 0);
INSERT INTO question_type (id, only_for_management, is_negative, question_text, type_of_answer) VALUES (622, false, false, 'Can you make your own decisions about the responsibilities you are given?', 0);
INSERT INTO question_type (id, only_for_management, is_negative, question_text, type_of_answer) VALUES (623, true, false, 'Is the team given formal authority over the responsibilities they are given and can make their own decisions about them?', 0);
INSERT INTO human_factor_type_question_types (human_factor_type_id, question_types_id) VALUES (601, 601);
INSERT INTO human_factor_type_question_types (human_factor_type_id, question_types_id) VALUES (601, 602);
INSERT INTO human_factor_type_question_types (human_factor_type_id, question_types_id) VALUES (602, 603);
INSERT INTO human_factor_type_question_types (human_factor_type_id, question_types_id) VALUES (603, 604);
INSERT INTO human_factor_type_question_types (human_factor_type_id, question_types_id) VALUES (604, 605);
INSERT INTO human_factor_type_question_types (human_factor_type_id, question_types_id) VALUES (605, 606);
INSERT INTO human_factor_type_question_types (human_factor_type_id, question_types_id) VALUES (605, 607);
INSERT INTO human_factor_type_question_types (human_factor_type_id, question_types_id) VALUES (606, 608);
INSERT INTO human_factor_type_question_types (human_factor_type_id, question_types_id) VALUES (606, 609);
INSERT INTO human_factor_type_question_types (human_factor_type_id, question_types_id) VALUES (607, 610);
INSERT INTO human_factor_type_question_types (human_factor_type_id, question_types_id) VALUES (607, 611);
INSERT INTO human_factor_type_question_types (human_factor_type_id, question_types_id) VALUES (608, 612);
INSERT INTO human_factor_type_question_types (human_factor_type_id, question_types_id) VALUES (609, 613);
INSERT INTO human_factor_type_question_types (human_factor_type_id, question_types_id) VALUES (609, 614);
INSERT INTO human_factor_type_question_types (human_factor_type_id, question_types_id) VALUES (610, 615);
INSERT INTO human_factor_type_question_types (human_factor_type_id, question_types_id) VALUES (611, 616);
INSERT INTO human_factor_type_question_types (human_factor_type_id, question_types_id) VALUES (611, 617);
INSERT INTO human_factor_type_question_types (human_factor_type_id, question_types_id) VALUES (612, 618);
INSERT INTO human_factor_type_question_types (human_factor_type_id, question_types_id) VALUES (613, 619);
INSERT INTO human_factor_type_question_types (human_factor_type_id, question_types_id) VALUES (613, 620);
INSERT INTO human_factor_type_question_types (human_factor_type_id, question_types_id) VALUES (614, 621);
INSERT INTO human_factor_type_question_types (human_factor_type_id, question_types_id) VALUES (615, 622);
INSERT INTO human_factor_type_question_types (human_factor_type_id, question_types_id) VALUES (615, 623);
-- INFORMATION CLUSTER
INSERT INTO question_type (id, only_for_management, is_negative, question_text, type_of_answer) VALUES (701, false, false, 'Is the objective of your tasks always clear?', 1);
INSERT INTO question_type (id, only_for_management, is_negative, question_text, type_of_answer) VALUES (702, false, false, 'Do you fully understand the responsibility of the role assigned to you?', 0);
INSERT INTO question_type (id, only_for_management, is_negative, question_text, type_of_answer) VALUES (703, true, false, 'Does every team member receive a thorough explanation of the responsibility of their respective role?', 0);
INSERT INTO question_type (id, only_for_management, is_negative, question_text, type_of_answer) VALUES (704, false, false, 'Do you think that the current methodology improves the previous one in use?', 0);
INSERT INTO question_type (id, only_for_management, is_negative, question_text, type_of_answer) VALUES (705, true, false, 'Is the team informed about the benefits of the current methodology in detail?', 0);
INSERT INTO human_factor_type_question_types (human_factor_type_id, question_types_id) VALUES (701, 701);
INSERT INTO human_factor_type_question_types (human_factor_type_id, question_types_id) VALUES (702, 702);
INSERT INTO human_factor_type_question_types (human_factor_type_id, question_types_id) VALUES (702, 703);
INSERT INTO human_factor_type_question_types (human_factor_type_id, question_types_id) VALUES (703, 704);
INSERT INTO human_factor_type_question_types (human_factor_type_id, question_types_id) VALUES (703, 705);
-- CUSTOMER CLUSTER
INSERT INTO question_type (id, only_for_management, is_negative, question_text, type_of_answer) VALUES (801, false, true, 'Do you deal with a heavy workload?', 1);
INSERT INTO question_type (id, only_for_management, is_negative, question_text, type_of_answer) VALUES (802, true, true, 'Has the team''s customer underestimated tasks, overloaded the team or delayed the planning?', 1);
INSERT INTO question_type (id, only_for_management, is_negative, question_text, type_of_answer) VALUES (803, true, false, 'Is the team''s customer regarded as a team member, and taken responsibility over project decisions?', 0);
INSERT INTO human_factor_type_question_types (human_factor_type_id, question_types_id) VALUES (801, 801);
INSERT INTO human_factor_type_question_types (human_factor_type_id, question_types_id) VALUES (802, 802);
INSERT INTO human_factor_type_question_types (human_factor_type_id, question_types_id) VALUES (803, 803);
-- ACTION TYPE
-- SKILL CLUSTER
INSERT INTO action_type (id, title, description) VALUES (101, 'Member transfer', 'The inclusion of new team members fosters knowledge sharing from and towards the new members.');
INSERT INTO action_type (id, title, description) VALUES (102, 'Experienced mentors', 'Assign an experienced mentor to inexperienced team members to collaborate and share knowledge in order to improve on-the-job learning.');
INSERT INTO action_type (id, title, description) VALUES (103, 'Workshops', 'Organize workshops that might be taught by experienced members of the organization or by external consultants for relevant skills that are lacking in the team.');
INSERT INTO action_type (id, title, description) VALUES (104, 'Group dynamics activities', 'Organize group dynamics activities where an instructor suggests an activity analogous to a technical activity.');
INSERT INTO action_type (id, title, description) VALUES (105, 'Collaboration incentives', 'Create incentives for collaboration in the group.');
INSERT INTO action_type (id, title, description) VALUES (106, 'Responsibility training', 'Train team members to take on more responsibility both in trainings and on the job by gradually granting them more responsibility; staff teams with a mix of experiences and new team members to foster on-the-job learning.');
INSERT INTO action_type (id, title, description) VALUES (107, 'Knowledge transfer', 'When a person or several people move out from a group, they must ensure the next person is able to continue the work.');
INSERT INTO action_type (id, title, description) VALUES (108, 'Transfer reduced workload', 'In the situation of knowledge transfer caused by a team member assigned to another project in the same company, reduce workload for the person responsible of transferring the knowledge during the process.');
INSERT INTO action_type (id, title, description) VALUES (109, 'Knowledge registration', 'Capture software architecture knowledge during the development process. This can be supported by web-based approaches, dedicated software architecture knowledge management toolsets, and UML-based solutions. Capturing knowledge should be lightweight and efficient.');
INSERT INTO action_type (id, title, description) VALUES (110, 'Knowledge maintenance', 'The software architecture knowledge captured should be maintained over time and the knowledge history should be tracked.');
INSERT INTO action_type (id, title, description) VALUES (111, 'Knowledge sharing', 'Share the architecture knowledge captured through a web interface or a wiki.');
INSERT INTO action_type (id, title, description) VALUES (112, 'Knowledge reuse', 'Separate generic and project-specific knowledge in order to enable knowledge reuse for generic knowledge.');
INSERT INTO human_factor_type_action_types (action_types_id, human_factor_type_id) VALUES (101, 103);
INSERT INTO human_factor_type_action_types (action_types_id, human_factor_type_id) VALUES (102, 103);
INSERT INTO human_factor_type_action_types (action_types_id, human_factor_type_id) VALUES (103, 103);
INSERT INTO human_factor_type_action_types (action_types_id, human_factor_type_id) VALUES (104, 103);
INSERT INTO human_factor_type_action_types (action_types_id, human_factor_type_id) VALUES (105, 104);
INSERT INTO human_factor_type_action_types (action_types_id, human_factor_type_id) VALUES (104, 104);
INSERT INTO human_factor_type_action_types (action_types_id, human_factor_type_id) VALUES (106, 105);
INSERT INTO human_factor_type_action_types (action_types_id, human_factor_type_id) VALUES (107, 102);
INSERT INTO human_factor_type_action_types (action_types_id, human_factor_type_id) VALUES (101, 102);
INSERT INTO human_factor_type_action_types (action_types_id, human_factor_type_id) VALUES (108, 102);
INSERT INTO human_factor_type_action_types (action_types_id, human_factor_type_id) VALUES (109, 102);
INSERT INTO human_factor_type_action_types (action_types_id, human_factor_type_id) VALUES (110, 102);
INSERT INTO human_factor_type_action_types (action_types_id, human_factor_type_id) VALUES (111, 102);
INSERT INTO human_factor_type_action_types (action_types_id, human_factor_type_id) VALUES (112, 102);
-- PERCEPTION CLUSTER
INSERT INTO action_type (id, title, description) VALUES (201, 'Trust belief actions', 'Trust belief for a development methodology relies on an individual trust towards the person that introduces the new methodology (see Trust).');
INSERT INTO action_type (id, title, description) VALUES (202, 'Social influence actions', 'Social influence depends on the perceived usefulness of people known by an individual towards the new methodology (see Performance expectancy).');
INSERT INTO action_type (id, title, description) VALUES (203, 'Reduced interruptions', 'Minimize administrative tasks and infrastructure issues, and reduce interruptions and meetings.');
INSERT INTO action_type (id, title, description) VALUES (204, 'Smaller offices', 'Provide smaller offices to achieve uninterrupted work.');
INSERT INTO action_type (id, title, description) VALUES (205, 'Goals self-reflection', 'Encourage team members to self-reflect about their goals and what are they doing to achieve them in a daily basis.');
INSERT INTO action_type (id, title, description) VALUES (206, 'Salary improvement', 'Improve salary or variable remuneration.');
INSERT INTO action_type (id, title, description) VALUES (207, 'Promotion', 'Improve promotion opportunities.');
INSERT INTO action_type (id, title, description) VALUES (208, 'Feedback', 'Provide feedback about the results and about the impacts of team members'' work, individually.');
INSERT INTO action_type (id, title, description) VALUES (209, 'Remote work', 'Allow and support working from home.');
INSERT INTO action_type (id, title, description) VALUES (210, 'Meeting rejection', 'Allow the rejection of meeting requests.');
INSERT INTO action_type (id, title, description) VALUES (211, 'Member autonomy', 'Increase team members autonomy.');
INSERT INTO action_type (id, title, description) VALUES (212, 'Methodology benefits', 'Performance expectancy is the most relevant factor for user acceptance. Focus on the benefits that the team will receive if the new methodology is used.');
INSERT INTO action_type (id, title, description) VALUES (213, 'Rotation reduced workload', 'New team members often experience an increase in cognitive workload after a job rotation. Reduce the assigned tasks to new members until they are fully adapted to the job.');
INSERT INTO action_type (id, title, description) VALUES (214, 'Cross-role collaboration', 'Enhance cross-role collaboration.');
INSERT INTO human_factor_type_action_types (action_types_id, human_factor_type_id) VALUES (201, 202);
INSERT INTO human_factor_type_action_types (action_types_id, human_factor_type_id) VALUES (202, 203);
INSERT INTO human_factor_type_action_types (action_types_id, human_factor_type_id) VALUES (203, 204);
INSERT INTO human_factor_type_action_types (action_types_id, human_factor_type_id) VALUES (204, 204);
INSERT INTO human_factor_type_action_types (action_types_id, human_factor_type_id) VALUES (205, 204);
INSERT INTO human_factor_type_action_types (action_types_id, human_factor_type_id) VALUES (206, 205);
INSERT INTO human_factor_type_action_types (action_types_id, human_factor_type_id) VALUES (207, 205);
INSERT INTO human_factor_type_action_types (action_types_id, human_factor_type_id) VALUES (208, 205);
INSERT INTO human_factor_type_action_types (action_types_id, human_factor_type_id) VALUES (203, 205);
INSERT INTO human_factor_type_action_types (action_types_id, human_factor_type_id) VALUES (209, 205);
INSERT INTO human_factor_type_action_types (action_types_id, human_factor_type_id) VALUES (210, 205);
INSERT INTO human_factor_type_action_types (action_types_id, human_factor_type_id) VALUES (211, 205);
INSERT INTO human_factor_type_action_types (action_types_id, human_factor_type_id) VALUES (212, 206);
INSERT INTO human_factor_type_action_types (action_types_id, human_factor_type_id) VALUES (213, 212);
INSERT INTO human_factor_type_action_types (action_types_id, human_factor_type_id) VALUES (214, 212);
-- PERSONALITY CLUSTER
INSERT INTO action_type (id, title, description) VALUES (301, 'Multitask introduction', 'Introduce the team members to different tasks. Encourage learning from different areas of expertise and multitask workers.');
INSERT INTO action_type (id, title, description) VALUES (302, 'Challenging tasks distribution', 'Distribute the tasks in a way that every team member receives a task difficult enough to be challenging but not to be perceived as impossible.');
INSERT INTO action_type (id, title, description) VALUES (303, 'Learning tasks distribution', 'Distribute the tasks in a way that every team member can acquire useful knowledge for their career from task execution.');
INSERT INTO action_type (id, title, description) VALUES (304, 'Interruption rejection', 'Allow team members to avoid interruptions from co-workers at inopportune moments.');
INSERT INTO action_type (id, title, description) VALUES (305, 'Muted communication channels', 'Allow team members to avoid distractions from communication channels.');
INSERT INTO action_type (id, title, description) VALUES (306, 'Flexible work hours', 'Allow flexible work hours.');
INSERT INTO action_type (id, title, description) VALUES (307, 'Timezones meetings scheduling', 'Improve the scheduling of meetings between timezones.');
INSERT INTO action_type (id, title, description) VALUES (308, 'Customer collaboration', 'Support a collaborative relationship with the customer. Facilitate the exchange of information between the team and the customer.');
INSERT INTO action_type (id, title, description) VALUES (309, 'Simultaneous projects reduction', 'Reduce the amount of simultaneous projects.');
INSERT INTO action_type (id, title, description) VALUES (310, 'Task complexity balance', 'Balance the cognitive complexity of the tasks among the team.');
INSERT INTO action_type (id, title, description) VALUES (311, 'Brief meetings', 'Shorten the time spent in meetings, or increase time between them.');
INSERT INTO action_type (id, title, description) VALUES (312, 'Urgent tasks reduction', 'Reduce the ammount of urgent tasks asigned to team members, or distribute them more evenly.');
INSERT INTO action_type (id, title, description) VALUES (313, 'Isolated planning phases', 'Reduce coding tasks during planning phases.');
INSERT INTO action_type (id, title, description) VALUES (314, 'No-meeting time', 'Concentrate meetings on the same days, and assign no-meeting days.');
INSERT INTO action_type (id, title, description) VALUES (315, 'Team contribution', 'Recognize and support team members'' contributions to other co-workers. This kind of contributions should be considered positively at performance evaluations.');
INSERT INTO action_type (id, title, description) VALUES (316, 'Creative tasks distribution', 'Distribute evenly the tasks that involve creating new solutions for new and challenging problems.');
INSERT INTO action_type (id, title, description) VALUES (317, 'Thought-based communication', 'A team with high levels of need for cognition will respond better to thought-based communication, rather than feeling-based communication.');
INSERT INTO human_factor_type_action_types (action_types_id, human_factor_type_id) VALUES (214, 301);
INSERT INTO human_factor_type_action_types (action_types_id, human_factor_type_id) VALUES (104, 301);
INSERT INTO human_factor_type_action_types (action_types_id, human_factor_type_id) VALUES (301, 303);
INSERT INTO human_factor_type_action_types (action_types_id, human_factor_type_id) VALUES (302, 303);
INSERT INTO human_factor_type_action_types (action_types_id, human_factor_type_id) VALUES (303, 303);
INSERT INTO human_factor_type_action_types (action_types_id, human_factor_type_id) VALUES (304, 303);
INSERT INTO human_factor_type_action_types (action_types_id, human_factor_type_id) VALUES (305, 303);
INSERT INTO human_factor_type_action_types (action_types_id, human_factor_type_id) VALUES (306, 303);
INSERT INTO human_factor_type_action_types (action_types_id, human_factor_type_id) VALUES (307, 303);
INSERT INTO human_factor_type_action_types (action_types_id, human_factor_type_id) VALUES (308, 303);
INSERT INTO human_factor_type_action_types (action_types_id, human_factor_type_id) VALUES (309, 305);
INSERT INTO human_factor_type_action_types (action_types_id, human_factor_type_id) VALUES (310, 305);
INSERT INTO human_factor_type_action_types (action_types_id, human_factor_type_id) VALUES (311, 305);
INSERT INTO human_factor_type_action_types (action_types_id, human_factor_type_id) VALUES (312, 305);
INSERT INTO human_factor_type_action_types (action_types_id, human_factor_type_id) VALUES (209, 305);
INSERT INTO human_factor_type_action_types (action_types_id, human_factor_type_id) VALUES (313, 305);
INSERT INTO human_factor_type_action_types (action_types_id, human_factor_type_id) VALUES (314, 305);
INSERT INTO human_factor_type_action_types (action_types_id, human_factor_type_id) VALUES (304, 305);
INSERT INTO human_factor_type_action_types (action_types_id, human_factor_type_id) VALUES (305, 305);
INSERT INTO human_factor_type_action_types (action_types_id, human_factor_type_id) VALUES (306, 305);
INSERT INTO human_factor_type_action_types (action_types_id, human_factor_type_id) VALUES (307, 305);
INSERT INTO human_factor_type_action_types (action_types_id, human_factor_type_id) VALUES (315, 305);
INSERT INTO human_factor_type_action_types (action_types_id, human_factor_type_id) VALUES (316, 304);
INSERT INTO human_factor_type_action_types (action_types_id, human_factor_type_id) VALUES (317, 302);
-- PERCEPTION AND PERSONALITY CLUSTER
INSERT INTO action_type (id, title, description) VALUES (401, 'Empathetic team', 'Encourage the team to practice empathy.');
INSERT INTO action_type (id, title, description) VALUES (402, 'Transparent tasks', 'Ensure that all the necessary information related to the team''s tasks is always provided and transparent.');
INSERT INTO action_type (id, title, description) VALUES (403, 'Supportive team', 'Foster the creation of a healthy and safe environment. The team should be a space where team members are open to talk about private issues, emotions and feelings.');
INSERT INTO action_type (id, title, description) VALUES (404, 'Non-collaborative people replacement', 'Replace non-collaborative people in key positions.');
INSERT INTO action_type (id, title, description) VALUES (405, 'Collaboration frequency', 'Increase collaboration frequency between team members. Real collaboration means that different team members work in the same task. Daily team meetings where team members can support each other enhance collaboration.');
INSERT INTO action_type (id, title, description) VALUES (406, 'Change benefits awareness', 'Raise awareness of the benefits of the changes.');
INSERT INTO action_type (id, title, description) VALUES (407, 'Change objectives awareness', 'Raise awareness of the reasons and objectives of the change.');
INSERT INTO action_type (id, title, description) VALUES (408, 'Change expectations alignment', 'Align expectations with the goals of change.');
INSERT INTO action_type (id, title, description) VALUES (409, 'Continuous improvement culture', 'Encourage team members to look for ways to improve things. It is necessary that the company experiences a cultural shift where change is accepted, where employees and managers feel empowered to seek out and apply new ways to improve things and where there is courage to keep going when setbacks occur.');
INSERT INTO action_type (id, title, description) VALUES (410, 'Expert allocation', 'Allocate people experienced with the new methodology to the team.');
INSERT INTO human_factor_type_action_types (action_types_id, human_factor_type_id) VALUES (208, 401);
INSERT INTO human_factor_type_action_types (action_types_id, human_factor_type_id) VALUES (401, 401);
INSERT INTO human_factor_type_action_types (action_types_id, human_factor_type_id) VALUES (402, 401);
INSERT INTO human_factor_type_action_types (action_types_id, human_factor_type_id) VALUES (403, 401);
INSERT INTO human_factor_type_action_types (action_types_id, human_factor_type_id) VALUES (404, 402);
INSERT INTO human_factor_type_action_types (action_types_id, human_factor_type_id) VALUES (405, 402);
INSERT INTO human_factor_type_action_types (action_types_id, human_factor_type_id) VALUES (406, 402);
INSERT INTO human_factor_type_action_types (action_types_id, human_factor_type_id) VALUES (407, 402);
INSERT INTO human_factor_type_action_types (action_types_id, human_factor_type_id) VALUES (408, 402);
INSERT INTO human_factor_type_action_types (action_types_id, human_factor_type_id) VALUES (409, 402);
INSERT INTO human_factor_type_action_types (action_types_id, human_factor_type_id) VALUES (410, 402);
INSERT INTO human_factor_type_action_types (action_types_id, human_factor_type_id) VALUES (401, 402);

-- SUPPORT CLUSTER
INSERT INTO action_type (id, title, description) VALUES (501, 'Member acknowledgement', 'Recognize team members'' work. Make sure they receive compliments from supervisors after the work is done.');
INSERT INTO action_type (id, title, description) VALUES (502, 'Frequent communication in changing team', 'In a scenario of frequent team member switches, provide frequent feedback, avoiding lack of communication until the project is finished.');
INSERT INTO human_factor_type_action_types (action_types_id, human_factor_type_id) VALUES (501, 502);
INSERT INTO human_factor_type_action_types (action_types_id, human_factor_type_id) VALUES (502, 502);
INSERT INTO human_factor_type_action_types (action_types_id, human_factor_type_id) VALUES (501, 503);
INSERT INTO human_factor_type_action_types (action_types_id, human_factor_type_id) VALUES (502, 503);
INSERT INTO human_factor_type_action_types (action_types_id, human_factor_type_id) VALUES (501, 504);
INSERT INTO human_factor_type_action_types (action_types_id, human_factor_type_id) VALUES (206, 504);
INSERT INTO human_factor_type_action_types (action_types_id, human_factor_type_id) VALUES (207, 504);
INSERT INTO human_factor_type_action_types (action_types_id, human_factor_type_id) VALUES (208, 504);
-- MANAGEMENT CLUSTER
INSERT INTO action_type (id, title, description) VALUES (601, 'Product teams', 'Organize development teams in product teams. Product teams are usually small and promote skills over roles, self-organization, end-to-end product vision, cross-functionality (multidisciplinary), and have a single leadership over multiple management.');
INSERT INTO action_type (id, title, description) VALUES (602, 'Dependency removal', 'Remove dependencies with other teams composing the team of T-shaped members, i.e., people experienced in different areas that collaborate with each other, in a way that every skill-set required to have an end-to-end product vision is present in at least one member.');
INSERT INTO action_type (id, title, description) VALUES (603, 'Horizontal DevOps teams', 'Instantiate Horizontal DevOps teams through centers of excellence, chapters, and/or platform teams. Centers of excellence and platform teams are external teams that support product teams with platform servicing, and chapters designate people with DevOps skills across different product teams.');
INSERT INTO action_type (id, title, description) VALUES (604, 'Team product ownership', 'Encourage the team to acknowledge ownership over the product that is being developed. They should be personally responsible for the outcomes related to it.');
INSERT INTO action_type (id, title, description) VALUES (605, 'Cognitive recruitment', 'Provide cognitive reasoning in recruiting messages. Software professionals are more receptive to cognitive (i.e., thought-based) recruiting messages.');
INSERT INTO action_type (id, title, description) VALUES (606, 'Unemotional recruitment', 'Avoid devoting resources to create an emotional link between the organization and candidates.');
INSERT INTO action_type (id, title, description) VALUES (607, 'Benefit recruitment', 'Focus the recruitment process on communicating upon reasons why the organization is attractive to future employees. Advertise work-life benefits.');
INSERT INTO action_type (id, title, description) VALUES (608, 'Cognitive candidates', 'Actively look for people that enjoy effortful thinking. People that enjoy effortful thinking (need for cognition) are more probable to have a better performance. People that include high conscientiousness, openness to experience, humility-honesty, and low emotionality, are more probable to also have this personality trait.');
INSERT INTO action_type (id, title, description) VALUES (609, 'Financial resources allocation', 'Allocate financial resources that may be used to hire consultants, train people, and assume the temporary deceleration of production sometimes experienced.');
INSERT INTO action_type (id, title, description) VALUES (610, 'Methodology training', 'Let team members participate in development programs that train them in coping with the methodology and its challenges.');
INSERT INTO action_type (id, title, description) VALUES (611, 'Face-to-face communication', 'Make sure that face-to-face communication is available for every team member.');
INSERT INTO action_type (id, title, description) VALUES (612, 'Peaceful environment', 'Discourage attacks against team members that might be caused by poor advices or inadequate explanations.');
INSERT INTO action_type (id, title, description) VALUES (613, 'Silos removal', 'Remove organizational and cultural silos. Any organizational structures that separate skill-sets or unable team self-organization hinder DevOps adoption.');
INSERT INTO action_type (id, title, description) VALUES (614, 'Member empowerment', 'Increase the abilities, responsibilities, formal authority, effective capacity and involvement of broadly skilled frontline workers in problem solving, decision making and continuous improvement.');
INSERT INTO human_factor_type_action_types (action_types_id, human_factor_type_id) VALUES (601, 601);
INSERT INTO human_factor_type_action_types (action_types_id, human_factor_type_id) VALUES (602, 602);
INSERT INTO human_factor_type_action_types (action_types_id, human_factor_type_id) VALUES (603, 603);
INSERT INTO human_factor_type_action_types (action_types_id, human_factor_type_id) VALUES (604, 604);
INSERT INTO human_factor_type_action_types (action_types_id, human_factor_type_id) VALUES (605, 605);
INSERT INTO human_factor_type_action_types (action_types_id, human_factor_type_id) VALUES (606, 605);
INSERT INTO human_factor_type_action_types (action_types_id, human_factor_type_id) VALUES (607, 605);
INSERT INTO human_factor_type_action_types (action_types_id, human_factor_type_id) VALUES (608, 605);
INSERT INTO human_factor_type_action_types (action_types_id, human_factor_type_id) VALUES (609, 608);
INSERT INTO human_factor_type_action_types (action_types_id, human_factor_type_id) VALUES (602, 609);
INSERT INTO human_factor_type_action_types (action_types_id, human_factor_type_id) VALUES (610, 610);
INSERT INTO human_factor_type_action_types (action_types_id, human_factor_type_id) VALUES (409, 611);
INSERT INTO human_factor_type_action_types (action_types_id, human_factor_type_id) VALUES (611, 612);
INSERT INTO human_factor_type_action_types (action_types_id, human_factor_type_id) VALUES (612, 612);
INSERT INTO human_factor_type_action_types (action_types_id, human_factor_type_id) VALUES (405, 613);
INSERT INTO human_factor_type_action_types (action_types_id, human_factor_type_id) VALUES (613, 614);
INSERT INTO human_factor_type_action_types (action_types_id, human_factor_type_id) VALUES (614, 615);
-- INFORMATION CLUSTER
INSERT INTO action_type (id, title, description) VALUES (701, 'Goal communication', 'Help team members understand the goal through intensive communication and participation.');
INSERT INTO action_type (id, title, description) VALUES (702, 'Job rotation reduction', 'Reduce the frequency of job rotation inside the organization. Frequent job rotation negatively affects the perception of well defined work.');
INSERT INTO action_type (id, title, description) VALUES (703, 'Role understanding', 'Make sure everyone in the team knows the extent of their role and what is expected from them.');
INSERT INTO human_factor_type_action_types (action_types_id, human_factor_type_id) VALUES (701, 701);
INSERT INTO human_factor_type_action_types (action_types_id, human_factor_type_id) VALUES (702, 701);
INSERT INTO human_factor_type_action_types (action_types_id, human_factor_type_id) VALUES (703, 702);
INSERT INTO human_factor_type_action_types (action_types_id, human_factor_type_id) VALUES (406, 703);
-- CUSTOMER CLUSTER
INSERT INTO action_type (id, title, description) VALUES (801, 'Overtime work reduction', 'Avoid overtime work.');
INSERT INTO action_type (id, title, description) VALUES (802, 'Organizational pressure reduction', 'Time pressures are an obstacle for software process improvement. While it might be difficult to avoid when caused by commercial pressure, time pressure caused by company culture or by effort estimation errors should be avoided.');
INSERT INTO human_factor_type_action_types (action_types_id, human_factor_type_id) VALUES (801, 801);
INSERT INTO human_factor_type_action_types (action_types_id, human_factor_type_id) VALUES (802, 801);
INSERT INTO human_factor_type_action_types (action_types_id, human_factor_type_id) VALUES (308, 803);