-- HUMAN FACTOR TYPES
-- SKILL CLUSTER (0)
INSERT INTO human_factor_type (id, title, description, only_once, cluster) VALUES (101, 'Technical and methodological skills', '', false, 0);
INSERT INTO human_factor_type (id, title, description, only_once, cluster) VALUES (102, 'Knowledge transfer', '', false, 0);
INSERT INTO human_factor_type (id, title, description, only_once, cluster) VALUES (103, 'Education and learning', '', false, 0);
INSERT INTO human_factor_type (id, title, description, only_once, cluster) VALUES (104, 'Team work', '', false, 0);
INSERT INTO human_factor_type (id, title, description, only_once, cluster) VALUES (105, 'Responsibility and decision skills', '', false, 0);
INSERT INTO human_factor_type (id, title, description, only_once, cluster) VALUES (106, 'Knowledge transfer', '', false, 0);
INSERT INTO human_factor_type (id, title, description, only_once, cluster) VALUES (107, 'Computer self-efficacy', '', false, 0);
-- PERCEPTION CLUSTER (1)
INSERT INTO human_factor_type (id, title, description, only_once, cluster) VALUES (201, 'Voluntariness', '', false, 1);
INSERT INTO human_factor_type (id, title, description, only_once, cluster) VALUES (202, 'Trust belief', '', false, 1);
INSERT INTO human_factor_type (id, title, description, only_once, cluster) VALUES (203, 'Social influence', '', false, 1);
INSERT INTO human_factor_type (id, title, description, only_once, cluster) VALUES (204, 'Self-efficacy', '', false, 1);
INSERT INTO human_factor_type (id, title, description, only_once, cluster) VALUES (205, 'Satisfaction', '', false, 1);
INSERT INTO human_factor_type (id, title, description, only_once, cluster) VALUES (206, 'Performance expectancy', '', false, 1);
INSERT INTO human_factor_type (id, title, description, only_once, cluster) VALUES (207, 'Compatibility', '', false, 1);
INSERT INTO human_factor_type (id, title, description, only_once, cluster) VALUES (208, 'Perceived enjoyment', '', false, 1);
INSERT INTO human_factor_type (id, title, description, only_once, cluster) VALUES (209, 'Optimism bias', '', false, 1);
INSERT INTO human_factor_type (id, title, description, only_once, cluster) VALUES (210, 'Negative experiences', '', false, 1);
INSERT INTO human_factor_type (id, title, description, only_once, cluster) VALUES (211, 'Humane orientation', '', false, 1);
INSERT INTO human_factor_type (id, title, description, only_once, cluster) VALUES (212, 'Effort expectancy', '', false, 1);
-- PERSONALITY CLUSTER (2)
INSERT INTO human_factor_type (id, title, description, only_once, cluster) VALUES (301, 'Team spirit', '', false, 2);
INSERT INTO human_factor_type (id, title, description, only_once, cluster) VALUES (302, 'Need for cognition', '', false, 2);
INSERT INTO human_factor_type (id, title, description, only_once, cluster) VALUES (303, 'Engagement', '', false, 2);
INSERT INTO human_factor_type (id, title, description, only_once, cluster) VALUES (304, 'Creativity and innovation', '', false, 2);
INSERT INTO human_factor_type (id, title, description, only_once, cluster) VALUES (305, 'Focus', '', false, 2);
INSERT INTO human_factor_type (id, title, description, only_once, cluster) VALUES (306, 'Boredom', '', false, 2);
INSERT INTO human_factor_type (id, title, description, only_once, cluster) VALUES (307, 'Learning and forgetting', '', false, 2);
INSERT INTO human_factor_type (id, title, description, only_once, cluster) VALUES (308, 'Emotionality', '', true, 2);
INSERT INTO human_factor_type (id, title, description, only_once, cluster) VALUES (309, 'Motivation for change', '', false, 2);
INSERT INTO human_factor_type (id, title, description, only_once, cluster) VALUES (310, 'Indifferent to change', '', false, 2);
INSERT INTO human_factor_type (id, title, description, only_once, cluster) VALUES (311, 'Extraversion', '', true, 2);
INSERT INTO human_factor_type (id, title, description, only_once, cluster) VALUES (312, 'Conscientiousness', '', true, 2);
INSERT INTO human_factor_type (id, title, description, only_once, cluster) VALUES (313, 'Agreeableness', '', true, 2);
INSERT INTO human_factor_type (id, title, description, only_once, cluster) VALUES (314, 'Openness to experience', '', true, 2);
INSERT INTO human_factor_type (id, title, description, only_once, cluster) VALUES (315, 'Honesty-Humility', '', true, 2);
-- PERCEPTION AND PERSONALITY CLUSTER (3)
INSERT INTO human_factor_type (id, title, description, only_once, cluster) VALUES (401, 'Trust', '', false, 3);
INSERT INTO human_factor_type (id, title, description, only_once, cluster) VALUES (402, 'Resistance to change', '', false, 3);
INSERT INTO human_factor_type (id, title, description, only_once, cluster) VALUES (403, 'Perceived risk', '', false, 3);
-- SUPPORT CLUSTER (4)
INSERT INTO human_factor_type (id, title, description, only_once, cluster) VALUES (501, 'Supporters', '', false, 4);
INSERT INTO human_factor_type (id, title, description, only_once, cluster) VALUES (502, 'Support of supervisors', '', false, 4);
INSERT INTO human_factor_type (id, title, description, only_once, cluster) VALUES (503, 'Respect from supervisors', '', false, 4);
INSERT INTO human_factor_type (id, title, description, only_once, cluster) VALUES (504, 'Recognition and rewards', '', false, 4);
INSERT INTO human_factor_type (id, title, description, only_once, cluster) VALUES (505, 'Resistance to lead', '', false, 4);
INSERT INTO human_factor_type (id, title, description, only_once, cluster) VALUES (506, 'Leadership', '', false, 4);
-- MANAGEMENT CLUSTER (5)
INSERT INTO human_factor_type (id, title, description, only_once, cluster) VALUES (601, 'Product team', '', false, 5);
INSERT INTO human_factor_type (id, title, description, only_once, cluster) VALUES (602, 'Team autonomy', '', false, 5);
INSERT INTO human_factor_type (id, title, description, only_once, cluster) VALUES (603, 'Horizontal DevOps team', '', false, 5);
INSERT INTO human_factor_type (id, title, description, only_once, cluster) VALUES (604, 'Product ownership sharing', '', false, 5);
INSERT INTO human_factor_type (id, title, description, only_once, cluster) VALUES (605, 'Recruitment', '', false, 5);
INSERT INTO human_factor_type (id, title, description, only_once, cluster) VALUES (606, 'Multitask workers', '', false, 5);
INSERT INTO human_factor_type (id, title, description, only_once, cluster) VALUES (607, 'Imposition', '', false, 5);
INSERT INTO human_factor_type (id, title, description, only_once, cluster) VALUES (608, 'Financial resources', '', false, 5);
INSERT INTO human_factor_type (id, title, description, only_once, cluster) VALUES (609, 'Experienced and specialized members', '', false, 5);
INSERT INTO human_factor_type (id, title, description, only_once, cluster) VALUES (610, 'Exhaustion from high autonomy and responsibility', '', false, 5);
INSERT INTO human_factor_type (id, title, description, only_once, cluster) VALUES (611, 'Continuous improvement culture', '', false, 5);
INSERT INTO human_factor_type (id, title, description, only_once, cluster) VALUES (612, 'Communication', '', false, 5);
INSERT INTO human_factor_type (id, title, description, only_once, cluster) VALUES (613, 'Collaboration', '', false, 5);
INSERT INTO human_factor_type (id, title, description, only_once, cluster) VALUES (614, 'Organizational and cultural silos', '', false, 5);
INSERT INTO human_factor_type (id, title, description, only_once, cluster) VALUES (615, 'Autonomous workers', '', false, 5);
-- INFORMATION CLUSTER (6)
INSERT INTO human_factor_type (id, title, description, only_once, cluster) VALUES (701, 'The clarity of the goal', '', false, 6);
INSERT INTO human_factor_type (id, title, description, only_once, cluster) VALUES (702, 'Role understanding', '', false, 6);
INSERT INTO human_factor_type (id, title, description, only_once, cluster) VALUES (703, 'Lack of evidence of benefits', '', false, 6);
-- CUSTOMER CLUSTER (7)
INSERT INTO human_factor_type (id, title, description, only_once, cluster) VALUES (801, 'Time/comercial pressures', '', false, 7);
INSERT INTO human_factor_type (id, title, description, only_once, cluster) VALUES (802, 'Customer risk factors', '', false, 7);
INSERT INTO human_factor_type (id, title, description, only_once, cluster) VALUES (803, 'Customer involvement', '', false, 7);
-- HUMAN FACTOR DEPENDENCIES (target, source)
-- SKILL CLUSTER
INSERT INTO human_factor_type_depends_on (depends_on_id, human_factor_type_id) VALUES (102, 101);
INSERT INTO human_factor_type_depends_on (depends_on_id, human_factor_type_id) VALUES (103, 101);
INSERT INTO human_factor_type_depends_on (depends_on_id, human_factor_type_id) VALUES (306, 103);
INSERT INTO human_factor_type_depends_on (depends_on_id, human_factor_type_id) VALUES (307, 103);
INSERT INTO human_factor_type_depends_on (depends_on_id, human_factor_type_id) VALUES (613, 104);
INSERT INTO human_factor_type_depends_on (depends_on_id, human_factor_type_id) VALUES (204, 107);
-- PERCEPTION CLUSTER
INSERT INTO human_factor_type_depends_on (depends_on_id, human_factor_type_id) VALUES (607, 201);
INSERT INTO human_factor_type_depends_on (depends_on_id, human_factor_type_id) VALUES (401, 202);
INSERT INTO human_factor_type_depends_on (depends_on_id, human_factor_type_id) VALUES (107, 204);
INSERT INTO human_factor_type_depends_on (depends_on_id, human_factor_type_id) VALUES (504, 205);
INSERT INTO human_factor_type_depends_on (depends_on_id, human_factor_type_id) VALUES (502, 205);
INSERT INTO human_factor_type_depends_on (depends_on_id, human_factor_type_id) VALUES (503, 205);
INSERT INTO human_factor_type_depends_on (depends_on_id, human_factor_type_id) VALUES (801, 205);
INSERT INTO human_factor_type_depends_on (depends_on_id, human_factor_type_id) VALUES (703, 206);
INSERT INTO human_factor_type_depends_on (depends_on_id, human_factor_type_id) VALUES (207, 206);
INSERT INTO human_factor_type_depends_on (depends_on_id, human_factor_type_id) VALUES (202, 206);
INSERT INTO human_factor_type_depends_on (depends_on_id, human_factor_type_id) VALUES (801, 208);
INSERT INTO human_factor_type_depends_on (depends_on_id, human_factor_type_id) VALUES (212, 208);
INSERT INTO human_factor_type_depends_on (depends_on_id, human_factor_type_id) VALUES (308, 210);
INSERT INTO human_factor_type_depends_on (depends_on_id, human_factor_type_id) VALUES (313, 210);
INSERT INTO human_factor_type_depends_on (depends_on_id, human_factor_type_id) VALUES (503, 210);
INSERT INTO human_factor_type_depends_on (depends_on_id, human_factor_type_id) VALUES (504, 211);
INSERT INTO human_factor_type_depends_on (depends_on_id, human_factor_type_id) VALUES (107, 212);
-- PERSONALITY CLUSTER
INSERT INTO human_factor_type_depends_on (depends_on_id, human_factor_type_id) VALUES (104, 301);
INSERT INTO human_factor_type_depends_on (depends_on_id, human_factor_type_id) VALUES (302, 301);
INSERT INTO human_factor_type_depends_on (depends_on_id, human_factor_type_id) VALUES (613, 301);
INSERT INTO human_factor_type_depends_on (depends_on_id, human_factor_type_id) VALUES (303, 301);
INSERT INTO human_factor_type_depends_on (depends_on_id, human_factor_type_id) VALUES (203, 303);
INSERT INTO human_factor_type_depends_on (depends_on_id, human_factor_type_id) VALUES (703, 303);
INSERT INTO human_factor_type_depends_on (depends_on_id, human_factor_type_id) VALUES (304, 303);
INSERT INTO human_factor_type_depends_on (depends_on_id, human_factor_type_id) VALUES (701, 305);
INSERT INTO human_factor_type_depends_on (depends_on_id, human_factor_type_id) VALUES (305, 306);
INSERT INTO human_factor_type_depends_on (depends_on_id, human_factor_type_id) VALUES (303, 306);
INSERT INTO human_factor_type_depends_on (depends_on_id, human_factor_type_id) VALUES (402, 309);
INSERT INTO human_factor_type_depends_on (depends_on_id, human_factor_type_id) VALUES (314, 309);
INSERT INTO human_factor_type_depends_on (depends_on_id, human_factor_type_id) VALUES (703, 310);
INSERT INTO human_factor_type_depends_on (depends_on_id, human_factor_type_id) VALUES (303, 310);
INSERT INTO human_factor_type_depends_on (depends_on_id, human_factor_type_id) VALUES (305, 310);
INSERT INTO human_factor_type_depends_on (depends_on_id, human_factor_type_id) VALUES (612, 311);
INSERT INTO human_factor_type_depends_on (depends_on_id, human_factor_type_id) VALUES (301, 311);
INSERT INTO human_factor_type_depends_on (depends_on_id, human_factor_type_id) VALUES (303, 304);
INSERT INTO human_factor_type_depends_on (depends_on_id, human_factor_type_id) VALUES (104, 304);
INSERT INTO human_factor_type_depends_on (depends_on_id, human_factor_type_id) VALUES (613, 304);
INSERT INTO human_factor_type_depends_on (depends_on_id, human_factor_type_id) VALUES (308, 302);
INSERT INTO human_factor_type_depends_on (depends_on_id, human_factor_type_id) VALUES (312, 302);
INSERT INTO human_factor_type_depends_on (depends_on_id, human_factor_type_id) VALUES (314, 302);
INSERT INTO human_factor_type_depends_on (depends_on_id, human_factor_type_id) VALUES (315, 302);
INSERT INTO human_factor_type_depends_on (depends_on_id, human_factor_type_id) VALUES (304, 314);
-- PERCEPTION AND PERSONALITY CLUSTER
INSERT INTO human_factor_type_depends_on (depends_on_id, human_factor_type_id) VALUES (101, 401);
INSERT INTO human_factor_type_depends_on (depends_on_id, human_factor_type_id) VALUES (312, 401);
INSERT INTO human_factor_type_depends_on (depends_on_id, human_factor_type_id) VALUES (107, 401);
INSERT INTO human_factor_type_depends_on (depends_on_id, human_factor_type_id) VALUES (301, 401);
INSERT INTO human_factor_type_depends_on (depends_on_id, human_factor_type_id) VALUES (615, 401);
INSERT INTO human_factor_type_depends_on (depends_on_id, human_factor_type_id) VALUES (612, 401);
INSERT INTO human_factor_type_depends_on (depends_on_id, human_factor_type_id) VALUES (613, 401);
INSERT INTO human_factor_type_depends_on (depends_on_id, human_factor_type_id) VALUES (702, 401);
INSERT INTO human_factor_type_depends_on (depends_on_id, human_factor_type_id) VALUES (312, 402);
INSERT INTO human_factor_type_depends_on (depends_on_id, human_factor_type_id) VALUES (607, 402);
INSERT INTO human_factor_type_depends_on (depends_on_id, human_factor_type_id) VALUES (801, 402);
INSERT INTO human_factor_type_depends_on (depends_on_id, human_factor_type_id) VALUES (604, 402);
INSERT INTO human_factor_type_depends_on (depends_on_id, human_factor_type_id) VALUES (502, 402);
INSERT INTO human_factor_type_depends_on (depends_on_id, human_factor_type_id) VALUES (614, 402);
INSERT INTO human_factor_type_depends_on (depends_on_id, human_factor_type_id) VALUES (608, 402);
INSERT INTO human_factor_type_depends_on (depends_on_id, human_factor_type_id) VALUES (506, 402);
INSERT INTO human_factor_type_depends_on (depends_on_id, human_factor_type_id) VALUES (209, 403);
INSERT INTO human_factor_type_depends_on (depends_on_id, human_factor_type_id) VALUES (202, 403);
-- SUPPORT CLUSTER
INSERT INTO human_factor_type_depends_on (depends_on_id, human_factor_type_id) VALUES (502, 501);
INSERT INTO human_factor_type_depends_on (depends_on_id, human_factor_type_id) VALUES (701, 503);
INSERT INTO human_factor_type_depends_on (depends_on_id, human_factor_type_id) VALUES (401, 503);
INSERT INTO human_factor_type_depends_on (depends_on_id, human_factor_type_id) VALUES (702, 505);
INSERT INTO human_factor_type_depends_on (depends_on_id, human_factor_type_id) VALUES (103, 506);
INSERT INTO human_factor_type_depends_on (depends_on_id, human_factor_type_id) VALUES (702, 506);
-- MANAGEMENT CLUSTER
INSERT INTO human_factor_type_depends_on (depends_on_id, human_factor_type_id) VALUES (602, 601);
INSERT INTO human_factor_type_depends_on (depends_on_id, human_factor_type_id) VALUES (603, 601);
INSERT INTO human_factor_type_depends_on (depends_on_id, human_factor_type_id) VALUES (604, 601);
INSERT INTO human_factor_type_depends_on (depends_on_id, human_factor_type_id) VALUES (613, 601);
INSERT INTO human_factor_type_depends_on (depends_on_id, human_factor_type_id) VALUES (615, 601);
INSERT INTO human_factor_type_depends_on (depends_on_id, human_factor_type_id) VALUES (609, 601);
INSERT INTO human_factor_type_depends_on (depends_on_id, human_factor_type_id) VALUES (615, 606);
INSERT INTO human_factor_type_depends_on (depends_on_id, human_factor_type_id) VALUES (103, 606);
INSERT INTO human_factor_type_depends_on (depends_on_id, human_factor_type_id) VALUES (611, 607);
INSERT INTO human_factor_type_depends_on (depends_on_id, human_factor_type_id) VALUES (206, 607);
INSERT INTO human_factor_type_depends_on (depends_on_id, human_factor_type_id) VALUES (201, 607);
INSERT INTO human_factor_type_depends_on (depends_on_id, human_factor_type_id) VALUES (302, 613);
INSERT INTO human_factor_type_depends_on (depends_on_id, human_factor_type_id) VALUES (614, 613);
INSERT INTO human_factor_type_depends_on (depends_on_id, human_factor_type_id) VALUES (615, 613);
-- INFORMATION CLUSTER
INSERT INTO human_factor_type_depends_on (depends_on_id, human_factor_type_id) VALUES (612, 701);
-- CUSTOMER CLUSTER
INSERT INTO human_factor_type_depends_on (depends_on_id, human_factor_type_id) VALUES (803, 802);
-- QUESTION TYPES
-- SKILL CLUSTER
INSERT INTO question_type (id, only_for_management, is_negative, question_text) VALUES (101, false, false, 'Do you think you have the proper knowledge for the tasks you are responsible for?');
INSERT INTO question_type (id, only_for_management, is_negative, question_text) VALUES (102, false, false, 'Is your team actively collaborating in your tasks?');
INSERT INTO question_type (id, only_for_management, is_negative, question_text) VALUES (103, false, false, 'Are you actively collaborating in your team''s tasks?');
INSERT INTO question_type (id, only_for_management, is_negative, question_text) VALUES (104, false, false, 'Do you think you have the required responsibility-bearing and decision making skills for your asignments?');
INSERT INTO question_type (id, only_for_management, is_negative, question_text) VALUES (105, true, true, 'Is part of the team struggling with the responsibility and decisions that are part of their tasks?');
INSERT INTO question_type (id, only_for_management, is_negative, question_text) VALUES (106, false, true, 'Have you been asigned to a task that was previously done by a person that left the team without transfering the knowledge or documentation about that task?');
INSERT INTO question_type (id, only_for_management, is_negative, question_text) VALUES (107, true, true, 'Is the team lacking required knowledge about their tasks that former team members had?');
INSERT INTO question_type (id, only_for_management, is_negative, question_text) VALUES (108, false, false, 'Do you often receive useful new knowledge from your co-workers?');
INSERT INTO question_type (id, only_for_management, is_negative, question_text) VALUES (109, false, false, 'Do you think you are efficient using computers?');
INSERT INTO human_factor_type_question_types (human_factor_type_id, question_types_id) VALUES (101, 101);
INSERT INTO human_factor_type_question_types (human_factor_type_id, question_types_id) VALUES (104, 102);
INSERT INTO human_factor_type_question_types (human_factor_type_id, question_types_id) VALUES (104, 103);
INSERT INTO human_factor_type_question_types (human_factor_type_id, question_types_id) VALUES (105, 104);
INSERT INTO human_factor_type_question_types (human_factor_type_id, question_types_id) VALUES (105, 105);
INSERT INTO human_factor_type_question_types (human_factor_type_id, question_types_id) VALUES (106, 106);
INSERT INTO human_factor_type_question_types (human_factor_type_id, question_types_id) VALUES (106, 107);
INSERT INTO human_factor_type_question_types (human_factor_type_id, question_types_id) VALUES (106, 108);
INSERT INTO human_factor_type_question_types (human_factor_type_id, question_types_id) VALUES (107, 109);
-- PERCEPTION CLUSTER